{
  "total_items": 45,
  "processed": 45,
  "llm_calls": 45,
  "duration_sec": 31.66565442085266,
  "p50_latency_sec": 15.231917142868042,
  "p95_latency_sec": 26.46226487159729,
  "token_budget_used": 19003,
  "token_budget_total": 50000,
  "percent": 1.0
}