{
  "total_items": 9,
  "processed": 9,
  "llm_calls": 9,
  "duration_sec": 6.686767101287842,
  "p50_latency_sec": 3.6702651977539062,
  "p95_latency_sec": 6.379565000534058,
  "token_budget_used": 3055,
  "token_budget_total": 50000,
  "percent": 1.0
}